{
  "project_info": {
    "project_number": "123647743557",
    "firebase_url": "https://foody-moody-41caa-default-rtdb.asia-southeast1.firebasedatabase.app",
    "project_id": "foody-moody-41caa",
    "storage_bucket": "foody-moody-41caa.appspot.com"
  },
  "client": [
    {
      "client_info": {
        "mobilesdk_app_id": "1:123647743557:android:d6935f07ce2449d12af52c",
        "android_client_info": {
          "package_name": "com.example.foodymoody"
        }
      },
      "oauth_client": [
        {
          "client_id": "123647743557-kcsggqqc6h6mlg973gkf9uo0gsshonkf.apps.googleusercontent.com",
          "client_type": 3
        }
      ],
      "api_key": [
        {
          "current_key": "AIzaSyCwiHadHfJcdKWow8jvy6E8AtLXMQzkVXo"
        }
      ],
      "services": {
        "appinvite_service": {
          "other_platform_oauth_client": [
            {
              "client_id": "123647743557-kcsggqqc6h6mlg973gkf9uo0gsshonkf.apps.googleusercontent.com",
              "client_type": 3
            }
          ]
        }
      }
    }
  ],
  "configuration_version": "1"
}