{
  "project_info": {
    "project_number": "862331511063",
    "project_id": "foody-moody-4757f",
    "storage_bucket": "foody-moody-4757f.appspot.com"
  },
  "client": [
    {
      "client_info": {
        "mobilesdk_app_id": "1:862331511063:android:07a142ca4542f6d2805752",
        "android_client_info": {
          "package_name": "com.example.foodymoody"
        }
      },
      "oauth_client": [
        {
          "client_id": "862331511063-vkf7u1ic4d5vr8jbn08sfl61mabtn02p.apps.googleusercontent.com",
          "client_type": 3
        }
      ],
      "api_key": [
        {
          "current_key": "AIzaSyCMlCqB2fnSK7QDoaRvEW39HvwxPLIrEUk"
        }
      ],
      "services": {
        "appinvite_service": {
          "other_platform_oauth_client": [
            {
              "client_id": "862331511063-vkf7u1ic4d5vr8jbn08sfl61mabtn02p.apps.googleusercontent.com",
              "client_type": 3
            }
          ]
        }
      }
    }
  ],
  "configuration_version": "1"
}